"Code","Country","Year","total"
"","All other countries",1996,88
"","All other countries",1997,135
"","All other countries",1998,101
"","All other countries",1999,119
"","All other countries",2000,147
"","All other countries",2001,136
"","All other countries",2002,153
"","All other countries",2003,172
"","All other countries",2004,204
"","All other countries",2005,192
"","Unknown",1996,183
"","Unknown",1997,95
"","Unknown",1998,95
"","Unknown",1999,106
"","Unknown",2000,87
"","Unknown",2001,130
"","Unknown",2002,129
"","Unknown",2003,92
"","Unknown",2004,115
"","Unknown",2005,109
"AFG","Afghanistan",1996,344
"AFG","Afghanistan",1997,409
"AFG","Afghanistan",1998,432
"AFG","Afghanistan",1999,484
"AFG","Afghanistan",2000,419
"AFG","Afghanistan",2001,463
"AFG","Afghanistan",2002,259
"AFG","Afghanistan",2003,97
"AFG","Afghanistan",2004,92
"AFG","Afghanistan",2005,47
"AGO","Angola",1996,8
"AGO","Angola",1997,11
"AGO","Angola",1998,12
"AGO","Angola",1999,42
"AGO","Angola",2000,67
"AGO","Angola",2001,60
"AGO","Angola",2002,32
"AGO","Angola",2003,22
"AGO","Angola",2004,14
"AGO","Angola",2005,12
"ALB","Albania",1996,508
"ALB","Albania",1997,503
"ALB","Albania",1998,775
"ALB","Albania",1999,732
"ALB","Albania",2000,818
"ALB","Albania",2001,1040
"ALB","Albania",2002,892
"ALB","Albania",2003,964
"ALB","Albania",2004,899
"ALB","Albania",2005,695
"ARE","United Arab Emirates",1996,0
"ARE","United Arab Emirates",1997,0
"ARE","United Arab Emirates",1998,0
"ARE","United Arab Emirates",1999,0
"ARE","United Arab Emirates",2000,3
"ARE","United Arab Emirates",2001,0
"ARE","United Arab Emirates",2002,11
"ARE","United Arab Emirates",2003,4
"ARE","United Arab Emirates",2004,0
"ARE","United Arab Emirates",2005,0
"ARG","Argentina",1996,3
"ARG","Argentina",1997,0
"ARG","Argentina",1998,0
"ARG","Argentina",1999,6
"ARG","Argentina",2000,16
"ARG","Argentina",2001,3
"ARG","Argentina",2002,13
"ARG","Argentina",2003,10
"ARG","Argentina",2004,18
"ARG","Argentina",2005,10
"ARM","Armenia",1996,381
"ARM","Armenia",1997,312
"ARM","Armenia",1998,354
"ARM","Armenia",1999,464
"ARM","Armenia",2000,1217
"ARM","Armenia",2001,1628
"ARM","Armenia",2002,1272
"ARM","Armenia",2003,867
"ARM","Armenia",2004,551
"ARM","Armenia",2005,426
"AZE","Azerbaijan",1996,141
"AZE","Azerbaijan",1997,109
"AZE","Azerbaijan",1998,190
"AZE","Azerbaijan",1999,179
"AZE","Azerbaijan",2000,297
"AZE","Azerbaijan",2001,404
"AZE","Azerbaijan",2002,288
"AZE","Azerbaijan",2003,120
"AZE","Azerbaijan",2004,119
"AZE","Azerbaijan",2005,64
"BDI","Burundi",1996,103
"BDI","Burundi",1997,81
"BDI","Burundi",1998,50
"BDI","Burundi",1999,57
"BDI","Burundi",2000,39
"BDI","Burundi",2001,63
"BDI","Burundi",2002,71
"BDI","Burundi",2003,45
"BDI","Burundi",2004,35
"BDI","Burundi",2005,26
"BGD","Bangladesh",1996,360
"BGD","Bangladesh",1997,236
"BGD","Bangladesh",1998,215
"BGD","Bangladesh",1999,238
"BGD","Bangladesh",2000,262
"BGD","Bangladesh",2001,197
"BGD","Bangladesh",2002,203
"BGD","Bangladesh",2003,171
"BGD","Bangladesh",2004,189
"BGD","Bangladesh",2005,157
"BGR","Bulgaria",1996,94
"BGR","Bulgaria",1997,109
"BGR","Bulgaria",1998,161
"BGR","Bulgaria",1999,112
"BGR","Bulgaria",2000,120
"BGR","Bulgaria",2001,119
"BGR","Bulgaria",2002,112
"BGR","Bulgaria",2003,96
"BGR","Bulgaria",2004,86
"BGR","Bulgaria",2005,120
"BIH","Bosnia-Herzegovina",1996,220
"BIH","Bosnia-Herzegovina",1997,72
"BIH","Bosnia-Herzegovina",1998,36
"BIH","Bosnia-Herzegovina",1999,31
"BIH","Bosnia-Herzegovina",2000,31
"BIH","Bosnia-Herzegovina",2001,37
"BIH","Bosnia-Herzegovina",2002,54
"BIH","Bosnia-Herzegovina",2003,18
"BIH","Bosnia-Herzegovina",2004,19
"BIH","Bosnia-Herzegovina",2005,34
"BLR","Belarus",1996,26
"BLR","Belarus",1997,36
"BLR","Belarus",1998,44
"BLR","Belarus",1999,51
"BLR","Belarus",2000,88
"BLR","Belarus",2001,99
"BLR","Belarus",2002,88
"BLR","Belarus",2003,152
"BLR","Belarus",2004,202
"BLR","Belarus",2005,201
"BOL","Bolivia",1996,25
"BOL","Bolivia",1997,14
"BOL","Bolivia",1998,10
"BOL","Bolivia",1999,11
"BOL","Bolivia",2000,7
"BOL","Bolivia",2001,14
"BOL","Bolivia",2002,0
"BOL","Bolivia",2003,18
"BOL","Bolivia",2004,12
"BOL","Bolivia",2005,7
"BRA","Brazil",1996,25
"BRA","Brazil",1997,17
"BRA","Brazil",1998,31
"BRA","Brazil",1999,58
"BRA","Brazil",2000,32
"BRA","Brazil",2001,36
"BRA","Brazil",2002,44
"BRA","Brazil",2003,47
"BRA","Brazil",2004,57
"BRA","Brazil",2005,51
"BTN","Bhutan",1996,0
"BTN","Bhutan",1997,0
"BTN","Bhutan",1998,0
"BTN","Bhutan",1999,4
"BTN","Bhutan",2000,15
"BTN","Bhutan",2001,15
"BTN","Bhutan",2002,9
"BTN","Bhutan",2003,6
"BTN","Bhutan",2004,0
"BTN","Bhutan",2005,0
"CAF","Central African Republic",1996,0
"CAF","Central African Republic",1997,0
"CAF","Central African Republic",1998,3
"CAF","Central African Republic",1999,0
"CAF","Central African Republic",2000,0
"CAF","Central African Republic",2001,8
"CAF","Central African Republic",2002,23
"CAF","Central African Republic",2003,32
"CAF","Central African Republic",2004,7
"CAF","Central African Republic",2005,35
"CHL","Chile",1996,6
"CHL","Chile",1997,0
"CHL","Chile",1998,11
"CHL","Chile",1999,21
"CHL","Chile",2000,12
"CHL","Chile",2001,17
"CHL","Chile",2002,5
"CHL","Chile",2003,7
"CHL","Chile",2004,14
"CHL","Chile",2005,8
"CHN","China, People's Republic",1996,694
"CHN","China, People's Republic",1997,1288
"CHN","China, People's Republic",1998,2220
"CHN","China, People's Republic",1999,3383
"CHN","China, People's Republic",2000,5848
"CHN","China, People's Republic",2001,7475
"CHN","China, People's Republic",2002,8800
"CHN","China, People's Republic",2003,5999
"CHN","China, People's Republic",2004,4314
"CHN","China, People's Republic",2005,5225
"CIV","Cote d'Ivoire",1996,51
"CIV","Cote d'Ivoire",1997,35
"CIV","Cote d'Ivoire",1998,26
"CIV","Cote d'Ivoire",1999,26
"CIV","Cote d'Ivoire",2000,39
"CIV","Cote d'Ivoire",2001,53
"CIV","Cote d'Ivoire",2002,37
"CIV","Cote d'Ivoire",2003,164
"CIV","Cote d'Ivoire",2004,162
"CIV","Cote d'Ivoire",2005,203
"CMR","Cameroon",1996,116
"CMR","Cameroon",1997,128
"CMR","Cameroon",1998,220
"CMR","Cameroon",1999,298
"CMR","Cameroon",2000,425
"CMR","Cameroon",2001,456
"CMR","Cameroon",2002,824
"CMR","Cameroon",2003,998
"CMR","Cameroon",2004,866
"CMR","Cameroon",2005,647
"COG","Congo, Democratic Republic",1996,170
"COG","Congo, Democratic Republic",1997,184
"COG","Congo, Democratic Republic",1998,283
"COG","Congo, Democratic Republic",1999,281
"COG","Congo, Democratic Republic",2000,251
"COG","Congo, Democratic Republic",2001,183
"COG","Congo, Democratic Republic",2002,235
"COG","Congo, Democratic Republic",2003,113
"COG","Congo, Democratic Republic",2004,93
"COG","Congo, Democratic Republic",2005,90
"COG","Congo, Republic",1996,6
"COG","Congo, Republic",1997,5
"COG","Congo, Republic",1998,130
"COG","Congo, Republic",1999,338
"COG","Congo, Republic",2000,359
"COG","Congo, Republic",2001,371
"COG","Congo, Republic",2002,381
"COG","Congo, Republic",2003,242
"COG","Congo, Republic",2004,220
"COG","Congo, Republic",2005,131
"COL","Colombia",1996,161
"COL","Colombia",1997,96
"COL","Colombia",1998,143
"COL","Colombia",1999,316
"COL","Colombia",2000,2652
"COL","Colombia",2001,6062
"COL","Colombia",2002,5962
"COL","Colombia",2003,4561
"COL","Colombia",2004,4370
"COL","Colombia",2005,3375
"CUB","Cuba",1996,886
"CUB","Cuba",1997,477
"CUB","Cuba",1998,349
"CUB","Cuba",1999,383
"CUB","Cuba",2000,218
"CUB","Cuba",2001,153
"CUB","Cuba",2002,75
"CUB","Cuba",2003,72
"CUB","Cuba",2004,59
"CUB","Cuba",2005,92
"DZA","Algeria",1996,102
"DZA","Algeria",1997,107
"DZA","Algeria",1998,230
"DZA","Algeria",1999,196
"DZA","Algeria",2000,99
"DZA","Algeria",2001,60
"DZA","Algeria",2002,37
"DZA","Algeria",2003,30
"DZA","Algeria",2004,23
"DZA","Algeria",2005,29
"ECU","Ecuador",1996,7
"ECU","Ecuador",1997,0
"ECU","Ecuador",1998,3
"ECU","Ecuador",1999,17
"ECU","Ecuador",2000,3
"ECU","Ecuador",2001,18
"ECU","Ecuador",2002,29
"ECU","Ecuador",2003,13
"ECU","Ecuador",2004,13
"ECU","Ecuador",2005,18
"EGY","Egypt",1996,159
"EGY","Egypt",1997,215
"EGY","Egypt",1998,473
"EGY","Egypt",1999,579
"EGY","Egypt",2000,685
"EGY","Egypt",2001,662
"EGY","Egypt",2002,714
"EGY","Egypt",2003,518
"EGY","Egypt",2004,412
"EGY","Egypt",2005,342
"ERI","Eritrea",1996,34
"ERI","Eritrea",1997,57
"ERI","Eritrea",1998,133
"ERI","Eritrea",1999,211
"ERI","Eritrea",2000,236
"ERI","Eritrea",2001,200
"ERI","Eritrea",2002,209
"ERI","Eritrea",2003,190
"ERI","Eritrea",2004,192
"ERI","Eritrea",2005,209
"EST","Estonia",1996,3
"EST","Estonia",1997,3
"EST","Estonia",1998,22
"EST","Estonia",1999,7
"EST","Estonia",2000,7
"EST","Estonia",2001,23
"EST","Estonia",2002,20
"EST","Estonia",2003,19
"EST","Estonia",2004,18
"EST","Estonia",2005,16
"ETH","Ethiopia",1996,1084
"ETH","Ethiopia",1997,731
"ETH","Ethiopia",1998,725
"ETH","Ethiopia",1999,1300
"ETH","Ethiopia",2000,1645
"ETH","Ethiopia",2001,1350
"ETH","Ethiopia",2002,1266
"ETH","Ethiopia",2003,808
"ETH","Ethiopia",2004,1012
"ETH","Ethiopia",2005,728
"FJI","Fiji",1996,86
"FJI","Fiji",1997,34
"FJI","Fiji",1998,29
"FJI","Fiji",1999,55
"FJI","Fiji",2000,144
"FJI","Fiji",2001,455
"FJI","Fiji",2002,264
"FJI","Fiji",2003,156
"FJI","Fiji",2004,155
"FJI","Fiji",2005,58
"GBR","United Kingdom",1996,16
"GBR","United Kingdom",1997,8
"GBR","United Kingdom",1998,8
"GBR","United Kingdom",1999,12
"GBR","United Kingdom",2000,10
"GBR","United Kingdom",2001,13
"GBR","United Kingdom",2002,14
"GBR","United Kingdom",2003,10
"GBR","United Kingdom",2004,7
"GBR","United Kingdom",2005,8
"GEO","Georgia",1996,99
"GEO","Georgia",1997,79
"GEO","Georgia",1998,91
"GEO","Georgia",1999,179
"GEO","Georgia",2000,194
"GEO","Georgia",2001,167
"GEO","Georgia",2002,132
"GEO","Georgia",2003,107
"GEO","Georgia",2004,122
"GEO","Georgia",2005,103
"GHA","Ghana",1996,81
"GHA","Ghana",1997,43
"GHA","Ghana",1998,33
"GHA","Ghana",1999,26
"GHA","Ghana",2000,41
"GHA","Ghana",2001,25
"GHA","Ghana",2002,14
"GHA","Ghana",2003,10
"GHA","Ghana",2004,15
"GHA","Ghana",2005,8
"GIN","Guinea",1996,54
"GIN","Guinea",1997,41
"GIN","Guinea",1998,82
"GIN","Guinea",1999,69
"GIN","Guinea",2000,133
"GIN","Guinea",2001,221
"GIN","Guinea",2002,278
"GIN","Guinea",2003,275
"GIN","Guinea",2004,413
"GIN","Guinea",2005,390
"GMB","Gambia",1996,102
"GMB","Gambia",1997,85
"GMB","Gambia",1998,81
"GMB","Gambia",1999,77
"GMB","Gambia",2000,39
"GMB","Gambia",2001,48
"GMB","Gambia",2002,38
"GMB","Gambia",2003,58
"GMB","Gambia",2004,47
"GMB","Gambia",2005,59
"GNB","Guinea-Bissau",1996,0
"GNB","Guinea-Bissau",1997,0
"GNB","Guinea-Bissau",1998,0
"GNB","Guinea-Bissau",1999,0
"GNB","Guinea-Bissau",2000,5
"GNB","Guinea-Bissau",2001,0
"GNB","Guinea-Bissau",2002,0
"GNB","Guinea-Bissau",2003,0
"GNB","Guinea-Bissau",2004,11
"GNB","Guinea-Bissau",2005,0
"GTM","Guatemala",1996,1158
"GTM","Guatemala",1997,521
"GTM","Guatemala",1998,673
"GTM","Guatemala",1999,620
"GTM","Guatemala",2000,460
"GTM","Guatemala",2001,287
"GTM","Guatemala",2002,292
"GTM","Guatemala",2003,317
"GTM","Guatemala",2004,381
"GTM","Guatemala",2005,393
"GUY","Guyana",1996,5
"GUY","Guyana",1997,0
"GUY","Guyana",1998,0
"GUY","Guyana",1999,0
"GUY","Guyana",2000,0
"GUY","Guyana",2001,9
"GUY","Guyana",2002,3
"GUY","Guyana",2003,6
"GUY","Guyana",2004,32
"GUY","Guyana",2005,30
"HND","Honduras",1996,194
"HND","Honduras",1997,112
"HND","Honduras",1998,92
"HND","Honduras",1999,90
"HND","Honduras",2000,28
"HND","Honduras",2001,37
"HND","Honduras",2002,40
"HND","Honduras",2003,43
"HND","Honduras",2004,51
"HND","Honduras",2005,82
"HRV","Croatia",1996,73
"HRV","Croatia",1997,53
"HRV","Croatia",1998,44
"HRV","Croatia",1999,44
"HRV","Croatia",2000,52
"HRV","Croatia",2001,18
"HRV","Croatia",2002,10
"HRV","Croatia",2003,0
"HRV","Croatia",2004,4
"HRV","Croatia",2005,3
"HTI","Haiti",1996,1677
"HTI","Haiti",1997,971
"HTI","Haiti",1998,635
"HTI","Haiti",1999,390
"HTI","Haiti",2000,960
"HTI","Haiti",2001,1564
"HTI","Haiti",2002,1466
"HTI","Haiti",2003,1728
"HTI","Haiti",2004,2321
"HTI","Haiti",2005,2962
"HUN","Hungary",1996,13
"HUN","Hungary",1997,4
"HUN","Hungary",1998,0
"HUN","Hungary",1999,0
"HUN","Hungary",2000,6
"HUN","Hungary",2001,3
"HUN","Hungary",2002,0
"HUN","Hungary",2003,0
"HUN","Hungary",2004,4
"HUN","Hungary",2005,3
"IDN","Indonesia",1996,6
"IDN","Indonesia",1997,6
"IDN","Indonesia",1998,20
"IDN","Indonesia",1999,1588
"IDN","Indonesia",2000,1094
"IDN","Indonesia",2001,796
"IDN","Indonesia",2002,770
"IDN","Indonesia",2003,581
"IDN","Indonesia",2004,533
"IDN","Indonesia",2005,469
"IND","India",1996,2051
"IND","India",1997,1173
"IND","India",1998,724
"IND","India",1999,811
"IND","India",2000,1158
"IND","India",2001,1342
"IND","India",2002,1523
"IND","India",2003,867
"IND","India",2004,581
"IND","India",2005,376
"IRN","Iran",1996,690
"IRN","Iran",1997,582
"IRN","Iran",1998,901
"IRN","Iran",1999,1008
"IRN","Iran",2000,1046
"IRN","Iran",2001,1104
"IRN","Iran",2002,909
"IRN","Iran",2003,534
"IRN","Iran",2004,395
"IRN","Iran",2005,283
"IRQ","Iraq",1996,997
"IRQ","Iraq",1997,5833
"IRQ","Iraq",1998,253
"IRQ","Iraq",1999,282
"IRQ","Iraq",2000,467
"IRQ","Iraq",2001,828
"IRQ","Iraq",2002,838
"IRQ","Iraq",2003,523
"IRQ","Iraq",2004,273
"IRQ","Iraq",2005,287
"ISR","Israel",1996,19
"ISR","Israel",1997,13
"ISR","Israel",1998,9
"ISR","Israel",1999,17
"ISR","Israel",2000,19
"ISR","Israel",2001,23
"ISR","Israel",2002,20
"ISR","Israel",2003,24
"ISR","Israel",2004,17
"ISR","Israel",2005,26
"JOR","Jordan",1996,32
"JOR","Jordan",1997,40
"JOR","Jordan",1998,61
"JOR","Jordan",1999,65
"JOR","Jordan",2000,36
"JOR","Jordan",2001,72
"JOR","Jordan",2002,70
"JOR","Jordan",2003,57
"JOR","Jordan",2004,47
"JOR","Jordan",2005,49
"KAZ","Kazakhstan",1996,29
"KAZ","Kazakhstan",1997,40
"KAZ","Kazakhstan",1998,52
"KAZ","Kazakhstan",1999,43
"KAZ","Kazakhstan",2000,88
"KAZ","Kazakhstan",2001,45
"KAZ","Kazakhstan",2002,53
"KAZ","Kazakhstan",2003,58
"KAZ","Kazakhstan",2004,52
"KAZ","Kazakhstan",2005,24
"KEN","Kenya",1996,23
"KEN","Kenya",1997,36
"KEN","Kenya",1998,76
"KEN","Kenya",1999,133
"KEN","Kenya",2000,122
"KEN","Kenya",2001,164
"KEN","Kenya",2002,278
"KEN","Kenya",2003,288
"KEN","Kenya",2004,250
"KEN","Kenya",2005,182
"KGZ","Kyrgyzstan",1996,5
"KGZ","Kyrgyzstan",1997,12
"KGZ","Kyrgyzstan",1998,4
"KGZ","Kyrgyzstan",1999,17
"KGZ","Kyrgyzstan",2000,21
"KGZ","Kyrgyzstan",2001,25
"KGZ","Kyrgyzstan",2002,23
"KGZ","Kyrgyzstan",2003,35
"KGZ","Kyrgyzstan",2004,34
"KGZ","Kyrgyzstan",2005,27
"KHM","Cambodia",1996,15
"KHM","Cambodia",1997,16
"KHM","Cambodia",1998,145
"KHM","Cambodia",1999,183
"KHM","Cambodia",2000,99
"KHM","Cambodia",2001,36
"KHM","Cambodia",2002,50
"KHM","Cambodia",2003,55
"KHM","Cambodia",2004,73
"KHM","Cambodia",2005,56
"KWT","Kuwait",1996,34
"KWT","Kuwait",1997,15
"KWT","Kuwait",1998,16
"KWT","Kuwait",1999,36
"KWT","Kuwait",2000,12
"KWT","Kuwait",2001,11
"KWT","Kuwait",2002,10
"KWT","Kuwait",2003,3
"KWT","Kuwait",2004,13
"KWT","Kuwait",2005,6
"LAO","Laos",1996,40
"LAO","Laos",1997,37
"LAO","Laos",1998,42
"LAO","Laos",1999,37
"LAO","Laos",2000,21
"LAO","Laos",2001,20
"LAO","Laos",2002,23
"LAO","Laos",2003,23
"LAO","Laos",2004,32
"LAO","Laos",2005,31
"LBN","Lebanon",1996,94
"LBN","Lebanon",1997,69
"LBN","Lebanon",1998,96
"LBN","Lebanon",1999,83
"LBN","Lebanon",2000,75
"LBN","Lebanon",2001,107
"LBN","Lebanon",2002,91
"LBN","Lebanon",2003,75
"LBN","Lebanon",2004,71
"LBN","Lebanon",2005,49
"LBR","Liberia",1996,841
"LBR","Liberia",1997,725
"LBR","Liberia",1998,625
"LBR","Liberia",1999,774
"LBR","Liberia",2000,770
"LBR","Liberia",2001,892
"LBR","Liberia",2002,741
"LBR","Liberia",2003,491
"LBR","Liberia",2004,397
"LBR","Liberia",2005,193
"LBY","Libya",1996,6
"LBY","Libya",1997,7
"LBY","Libya",1998,10
"LBY","Libya",1999,12
"LBY","Libya",2000,21
"LBY","Libya",2001,5
"LBY","Libya",2002,4
"LBY","Libya",2003,0
"LBY","Libya",2004,3
"LBY","Libya",2005,0
"LKA","Sri Lanka",1996,64
"LKA","Sri Lanka",1997,160
"LKA","Sri Lanka",1998,279
"LKA","Sri Lanka",1999,218
"LKA","Sri Lanka",2000,227
"LKA","Sri Lanka",2001,314
"LKA","Sri Lanka",2002,217
"LKA","Sri Lanka",2003,70
"LKA","Sri Lanka",2004,81
"LKA","Sri Lanka",2005,89
"LTU","Lithuania",1996,0
"LTU","Lithuania",1997,15
"LTU","Lithuania",1998,3
"LTU","Lithuania",1999,3
"LTU","Lithuania",2000,5
"LTU","Lithuania",2001,14
"LTU","Lithuania",2002,17
"LTU","Lithuania",2003,25
"LTU","Lithuania",2004,17
"LTU","Lithuania",2005,13
"LVA","Latvia",1996,21
"LVA","Latvia",1997,20
"LVA","Latvia",1998,15
"LVA","Latvia",1999,5
"LVA","Latvia",2000,17
"LVA","Latvia",2001,13
"LVA","Latvia",2002,16
"LVA","Latvia",2003,27
"LVA","Latvia",2004,31
"LVA","Latvia",2005,12
"MAR","Morocco",1996,0
"MAR","Morocco",1997,4
"MAR","Morocco",1998,10
"MAR","Morocco",1999,6
"MAR","Morocco",2000,13
"MAR","Morocco",2001,8
"MAR","Morocco",2002,19
"MAR","Morocco",2003,15
"MAR","Morocco",2004,5
"MAR","Morocco",2005,10
"MDA","Moldova",1996,26
"MDA","Moldova",1997,15
"MDA","Moldova",1998,22
"MDA","Moldova",1999,3
"MDA","Moldova",2000,19
"MDA","Moldova",2001,32
"MDA","Moldova",2002,20
"MDA","Moldova",2003,25
"MDA","Moldova",2004,23
"MDA","Moldova",2005,19
"MEX","Mexico",1996,98
"MEX","Mexico",1997,63
"MEX","Mexico",1998,71
"MEX","Mexico",1999,98
"MEX","Mexico",2000,87
"MEX","Mexico",2001,94
"MEX","Mexico",2002,72
"MEX","Mexico",2003,99
"MEX","Mexico",2004,125
"MEX","Mexico",2005,122
"MKD","Macedonia",1996,14
"MKD","Macedonia",1997,41
"MKD","Macedonia",1998,35
"MKD","Macedonia",1999,15
"MKD","Macedonia",2000,11
"MKD","Macedonia",2001,45
"MKD","Macedonia",2002,54
"MKD","Macedonia",2003,29
"MKD","Macedonia",2004,21
"MKD","Macedonia",2005,21
"MLI","Mali",1996,12
"MLI","Mali",1997,12
"MLI","Mali",1998,0
"MLI","Mali",1999,20
"MLI","Mali",2000,11
"MLI","Mali",2001,7
"MLI","Mali",2002,15
"MLI","Mali",2003,16
"MLI","Mali",2004,28
"MLI","Mali",2005,43
"MMR","Burma",1996,153
"MMR","Burma",1997,179
"MMR","Burma",1998,267
"MMR","Burma",1999,338
"MMR","Burma",2000,323
"MMR","Burma",2001,1301
"MMR","Burma",2002,322
"MMR","Burma",2003,192
"MMR","Burma",2004,176
"MMR","Burma",2005,91
"MMR","Burma ",1996,18
"MMR","Burma ",1997,44
"MMR","Burma ",1998,54
"MMR","Burma ",1999,73
"MMR","Burma ",2000,81
"MMR","Burma ",2001,124
"MMR","Burma ",2002,126
"MMR","Burma ",2003,118
"MMR","Burma ",2004,138
"MMR","Burma ",2005,165
"MNG","Mongolia",1996,3
"MNG","Mongolia",1997,0
"MNG","Mongolia",1998,0
"MNG","Mongolia",1999,0
"MNG","Mongolia",2000,5
"MNG","Mongolia",2001,6
"MNG","Mongolia",2002,4
"MNG","Mongolia",2003,28
"MNG","Mongolia",2004,73
"MNG","Mongolia",2005,94
"MRT","Mauritania",1996,508
"MRT","Mauritania",1997,380
"MRT","Mauritania",1998,372
"MRT","Mauritania",1999,281
"MRT","Mauritania",2000,191
"MRT","Mauritania",2001,184
"MRT","Mauritania",2002,207
"MRT","Mauritania",2003,241
"MRT","Mauritania",2004,277
"MRT","Mauritania",2005,237
"MUS","Mauritius",1996,24
"MUS","Mauritius",1997,0
"MUS","Mauritius",1998,3
"MUS","Mauritius",1999,0
"MUS","Mauritius",2000,0
"MUS","Mauritius",2001,0
"MUS","Mauritius",2002,0
"MUS","Mauritius",2003,0
"MUS","Mauritius",2004,0
"MUS","Mauritius",2005,0
"MYS","Malaysia",1996,5
"MYS","Malaysia",1997,0
"MYS","Malaysia",1998,5
"MYS","Malaysia",1999,18
"MYS","Malaysia",2000,29
"MYS","Malaysia",2001,23
"MYS","Malaysia",2002,30
"MYS","Malaysia",2003,27
"MYS","Malaysia",2004,15
"MYS","Malaysia",2005,11
"NER","Niger",1996,69
"NER","Niger",1997,86
"NER","Niger",1998,115
"NER","Niger",1999,99
"NER","Niger",2000,53
"NER","Niger",2001,35
"NER","Niger",2002,22
"NER","Niger",2003,43
"NER","Niger",2004,27
"NER","Niger",2005,11
"NGA","Nigeria",1996,221
"NGA","Nigeria",1997,251
"NGA","Nigeria",1998,303
"NGA","Nigeria",1999,224
"NGA","Nigeria",2000,123
"NGA","Nigeria",2001,102
"NGA","Nigeria",2002,68
"NGA","Nigeria",2003,69
"NGA","Nigeria",2004,81
"NGA","Nigeria",2005,64
"NIC","Nicaragua",1996,577
"NIC","Nicaragua",1997,296
"NIC","Nicaragua",1998,165
"NIC","Nicaragua",1999,42
"NIC","Nicaragua",2000,24
"NIC","Nicaragua",2001,26
"NIC","Nicaragua",2002,15
"NIC","Nicaragua",2003,14
"NIC","Nicaragua",2004,7
"NIC","Nicaragua",2005,24
"NPL","Nepal",1996,10
"NPL","Nepal",1997,3
"NPL","Nepal",1998,26
"NPL","Nepal",1999,53
"NPL","Nepal",2000,57
"NPL","Nepal",2001,50
"NPL","Nepal",2002,106
"NPL","Nepal",2003,200
"NPL","Nepal",2004,255
"NPL","Nepal",2005,316
"PAK","Pakistan",1996,628
"PAK","Pakistan",1997,464
"PAK","Pakistan",1998,460
"PAK","Pakistan",1999,523
"PAK","Pakistan",2000,554
"PAK","Pakistan",2001,563
"PAK","Pakistan",2002,677
"PAK","Pakistan",2003,500
"PAK","Pakistan",2004,351
"PAK","Pakistan",2005,266
"PER","Peru",1996,661
"PER","Peru",1997,397
"PER","Peru",1998,377
"PER","Peru",1999,651
"PER","Peru",2000,383
"PER","Peru",2001,218
"PER","Peru",2002,158
"PER","Peru",2003,191
"PER","Peru",2004,221
"PER","Peru",2005,155
"PHL","Philippines",1996,62
"PHL","Philippines",1997,43
"PHL","Philippines",1998,57
"PHL","Philippines",1999,54
"PHL","Philippines",2000,52
"PHL","Philippines",2001,37
"PHL","Philippines",2002,42
"PHL","Philippines",2003,39
"PHL","Philippines",2004,53
"PHL","Philippines",2005,38
"POL","Poland",1996,12
"POL","Poland",1997,7
"POL","Poland",1998,6
"POL","Poland",1999,0
"POL","Poland",2000,0
"POL","Poland",2001,7
"POL","Poland",2002,8
"POL","Poland",2003,10
"POL","Poland",2004,8
"POL","Poland",2005,6
"ROU","Romania",1996,144
"ROU","Romania",1997,126
"ROU","Romania",1998,90
"ROU","Romania",1999,78
"ROU","Romania",2000,79
"ROU","Romania",2001,152
"ROU","Romania",2002,183
"ROU","Romania",2003,207
"ROU","Romania",2004,116
"ROU","Romania",2005,35
"RUS","Russia",1996,679
"RUS","Russia",1997,648
"RUS","Russia",1998,735
"RUS","Russia",1999,878
"RUS","Russia",2000,1046
"RUS","Russia",2001,888
"RUS","Russia",2002,697
"RUS","Russia",2003,668
"RUS","Russia",2004,551
"RUS","Russia",2005,488
"RWA","Rwanda",1996,74
"RWA","Rwanda",1997,107
"RWA","Rwanda",1998,102
"RWA","Rwanda",1999,125
"RWA","Rwanda",2000,116
"RWA","Rwanda",2001,82
"RWA","Rwanda",2002,56
"RWA","Rwanda",2003,56
"RWA","Rwanda",2004,62
"RWA","Rwanda",2005,70
"SAU","Saudi Arabia",1996,6
"SAU","Saudi Arabia",1997,11
"SAU","Saudi Arabia",1998,11
"SAU","Saudi Arabia",1999,12
"SAU","Saudi Arabia",2000,4
"SAU","Saudi Arabia",2001,13
"SAU","Saudi Arabia",2002,14
"SAU","Saudi Arabia",2003,4
"SAU","Saudi Arabia",2004,9
"SAU","Saudi Arabia",2005,11
"SDN","Sudan",1996,384
"SDN","Sudan",1997,343
"SDN","Sudan",1998,481
"SDN","Sudan",1999,508
"SDN","Sudan",2000,572
"SDN","Sudan",2001,597
"SDN","Sudan",2002,532
"SDN","Sudan",2003,205
"SDN","Sudan",2004,151
"SDN","Sudan",2005,111
"SEN","Senegal",1996,19
"SEN","Senegal",1997,13
"SEN","Senegal",1998,19
"SEN","Senegal",1999,34
"SEN","Senegal",2000,25
"SEN","Senegal",2001,25
"SEN","Senegal",2002,22
"SEN","Senegal",2003,28
"SEN","Senegal",2004,35
"SEN","Senegal",2005,36
"SGP","Sierra Leone",1996,18
"SGP","Sierra Leone",1997,14
"SGP","Sierra Leone",1998,18
"SGP","Sierra Leone",1999,49
"SGP","Sierra Leone",2000,68
"SGP","Sierra Leone",2001,91
"SGP","Sierra Leone",2002,110
"SGP","Sierra Leone",2003,117
"SGP","Sierra Leone",2004,122
"SGP","Sierra Leone",2005,80
"SGP","Singapore",1996,0
"SGP","Singapore",1997,0
"SGP","Singapore",1998,5
"SGP","Singapore",1999,3
"SGP","Singapore",2000,4
"SGP","Singapore",2001,11
"SGP","Singapore",2002,0
"SGP","Singapore",2003,0
"SGP","Singapore",2004,3
"SGP","Singapore",2005,0
"SLE","Seychelles",1996,0
"SLE","Seychelles",1997,0
"SLE","Seychelles",1998,0
"SLE","Seychelles",1999,0
"SLE","Seychelles",2000,0
"SLE","Seychelles",2001,9
"SLE","Seychelles",2002,15
"SLE","Seychelles",2003,0
"SLE","Seychelles",2004,6
"SLE","Seychelles",2005,4
"SLE","Sierra Leone",1996,63
"SLE","Sierra Leone",1997,25
"SLE","Sierra Leone",1998,157
"SLE","Sierra Leone",1999,183
"SLE","Sierra Leone",2000,218
"SLE","Sierra Leone",2001,301
"SLE","Sierra Leone",2002,169
"SLE","Sierra Leone",2003,42
"SLE","Sierra Leone",2004,63
"SLE","Sierra Leone",2005,44
"SLV","El Salvador",1996,304
"SLV","El Salvador",1997,309
"SLV","El Salvador",1998,493
"SLV","El Salvador",1999,400
"SLV","El Salvador",2000,288
"SLV","El Salvador",2001,246
"SLV","El Salvador",2002,113
"SLV","El Salvador",2003,119
"SLV","El Salvador",2004,160
"SLV","El Salvador",2005,246
"SOM","Somalia",1996,641
"SOM","Somalia",1997,1060
"SOM","Somalia",1998,1668
"SOM","Somalia",1999,2689
"SOM","Somalia",2000,2381
"SOM","Somalia",2001,1599
"SOM","Somalia",2002,666
"SOM","Somalia",2003,287
"SOM","Somalia",2004,218
"SOM","Somalia",2005,162
"SRB","Serbia and Montenegro",1996,234
"SRB","Serbia and Montenegro",1997,299
"SRB","Serbia and Montenegro",1998,234
"SRB","Serbia and Montenegro",1999,364
"SRB","Serbia and Montenegro",2000,301
"SRB","Serbia and Montenegro",2001,189
"SRB","Serbia and Montenegro",2002,177
"SRB","Serbia and Montenegro",2003,179
"SRB","Serbia and Montenegro",2004,207
"SRB","Serbia and Montenegro",2005,228
"SRB","Serbia and Montenegro1",1996,2203
"SRB","Serbia and Montenegro1",1997,515
"SRB","Serbia and Montenegro1",1998,455
"SRB","Serbia and Montenegro1",1999,718
"SRB","Serbia and Montenegro1",2000,521
"SRB","Serbia and Montenegro1",2001,358
"SRB","Serbia and Montenegro1",2002,120
"SRB","Serbia and Montenegro1",2003,86
"SRB","Serbia and Montenegro1",2004,57
"SRB","Serbia and Montenegro1",2005,28
"STR","Syria",1996,320
"STR","Syria",1997,48
"STR","Syria",1998,68
"STR","Syria",1999,41
"STR","Syria",2000,48
"STR","Syria",2001,44
"STR","Syria",2002,52
"STR","Syria",2003,37
"STR","Syria",2004,36
"STR","Syria",2005,30
"SUR","Suriname",1996,3
"SUR","Suriname",1997,5
"SUR","Suriname",1998,21
"SUR","Suriname",1999,13
"SUR","Suriname",2000,17
"SUR","Suriname",2001,3
"SUR","Suriname",2002,0
"SUR","Suriname",2003,0
"SUR","Suriname",2004,0
"SUR","Suriname",2005,0
"TCD","Chad",1996,8
"TCD","Chad",1997,0
"TCD","Chad",1998,13
"TCD","Chad",1999,24
"TCD","Chad",2000,19
"TCD","Chad",2001,15
"TCD","Chad",2002,16
"TCD","Chad",2003,24
"TCD","Chad",2004,25
"TCD","Chad",2005,22
"TGO","Togo",1996,86
"TGO","Togo",1997,53
"TGO","Togo",1998,84
"TGO","Togo",1999,80
"TGO","Togo",2000,82
"TGO","Togo",2001,112
"TGO","Togo",2002,241
"TGO","Togo",2003,387
"TGO","Togo",2004,415
"TGO","Togo",2005,301
"TJK","Tajikistan",1996,11
"TJK","Tajikistan",1997,6
"TJK","Tajikistan",1998,15
"TJK","Tajikistan",1999,17
"TJK","Tajikistan",2000,18
"TJK","Tajikistan",2001,0
"TJK","Tajikistan",2002,5
"TJK","Tajikistan",2003,6
"TJK","Tajikistan",2004,7
"TJK","Tajikistan",2005,0
"TKM","Turkmenistan",1996,6
"TKM","Turkmenistan",1997,16
"TKM","Turkmenistan",1998,16
"TKM","Turkmenistan",1999,6
"TKM","Turkmenistan",2000,19
"TKM","Turkmenistan",2001,22
"TKM","Turkmenistan",2002,21
"TKM","Turkmenistan",2003,20
"TKM","Turkmenistan",2004,36
"TKM","Turkmenistan",2005,37
"TUR","Turkey",1996,21
"TUR","Turkey",1997,25
"TUR","Turkey",1998,28
"TUR","Turkey",1999,40
"TUR","Turkey",2000,67
"TUR","Turkey",2001,92
"TUR","Turkey",2002,94
"TUR","Turkey",2003,69
"TUR","Turkey",2004,51
"TUR","Turkey",2005,28
"TZA","Tanzania",1996,5
"TZA","Tanzania",1997,0
"TZA","Tanzania",1998,9
"TZA","Tanzania",1999,4
"TZA","Tanzania",2000,5
"TZA","Tanzania",2001,18
"TZA","Tanzania",2002,16
"TZA","Tanzania",2003,4
"TZA","Tanzania",2004,11
"TZA","Tanzania",2005,19
"UDA","Uganda",1996,46
"UDA","Uganda",1997,40
"UDA","Uganda",1998,97
"UDA","Uganda",1999,81
"UDA","Uganda",2000,156
"UDA","Uganda",2001,168
"UDA","Uganda",2002,191
"UDA","Uganda",2003,124
"UDA","Uganda",2004,109
"UDA","Uganda",2005,100
"UKR","Ukraine",1996,318
"UKR","Ukraine",1997,359
"UKR","Ukraine",1998,310
"UKR","Ukraine",1999,239
"UKR","Ukraine",2000,189
"UKR","Ukraine",2001,189
"UKR","Ukraine",2002,188
"UKR","Ukraine",2003,168
"UKR","Ukraine",2004,139
"UKR","Ukraine",2005,130
"UZB","Uzbekistan",1996,54
"UZB","Uzbekistan",1997,48
"UZB","Uzbekistan",1998,73
"UZB","Uzbekistan",1999,51
"UZB","Uzbekistan",2000,107
"UZB","Uzbekistan",2001,155
"UZB","Uzbekistan",2002,178
"UZB","Uzbekistan",2003,173
"UZB","Uzbekistan",2004,188
"UZB","Uzbekistan",2005,169
"VEN","Venezuela",1996,3
"VEN","Venezuela",1997,17
"VEN","Venezuela",1998,18
"VEN","Venezuela",1999,18
"VEN","Venezuela",2000,23
"VEN","Venezuela",2001,46
"VEN","Venezuela",2002,95
"VEN","Venezuela",2003,350
"VEN","Venezuela",2004,1257
"VEN","Venezuela",2005,1114
"VNM","Vietnam",1996,15
"VNM","Vietnam",1997,19
"VNM","Vietnam",1998,22
"VNM","Vietnam",1999,31
"VNM","Vietnam",2000,32
"VNM","Vietnam",2001,22
"VNM","Vietnam",2002,23
"VNM","Vietnam",2003,18
"VNM","Vietnam",2004,12
"VNM","Vietnam",2005,17
"YEM","Yemen",1996,47
"YEM","Yemen",1997,47
"YEM","Yemen",1998,53
"YEM","Yemen",1999,48
"YEM","Yemen",2000,66
"YEM","Yemen",2001,58
"YEM","Yemen",2002,38
"YEM","Yemen",2003,30
"YEM","Yemen",2004,14
"YEM","Yemen",2005,10
"ZAF","South Africa",1996,25
"ZAF","South Africa",1997,13
"ZAF","South Africa",1998,3
"ZAF","South Africa",1999,11
"ZAF","South Africa",2000,15
"ZAF","South Africa",2001,6
"ZAF","South Africa",2002,29
"ZAF","South Africa",2003,17
"ZAF","South Africa",2004,9
"ZAF","South Africa",2005,17
"ZMB","Zambia",1996,0
"ZMB","Zambia",1997,0
"ZMB","Zambia",1998,0
"ZMB","Zambia",1999,0
"ZMB","Zambia",2000,0
"ZMB","Zambia",2001,8
"ZMB","Zambia",2002,14
"ZMB","Zambia",2003,7
"ZMB","Zambia",2004,13
"ZMB","Zambia",2005,13
"ZW","Zimbabwe",1996,3
"ZW","Zimbabwe",1997,6
"ZW","Zimbabwe",1998,0
"ZW","Zimbabwe",1999,3
"ZW","Zimbabwe",2000,12
"ZW","Zimbabwe",2001,42
"ZW","Zimbabwe",2002,116
"ZW","Zimbabwe",2003,247
"ZW","Zimbabwe",2004,310
"ZW","Zimbabwe",2005,262
"","All other countries",2006,187
"","All other countries",2007,205
"","All other countries",2008,205
"","All other countries",2009,189
"","All other countries",2010,195
"","All other countries",2011,191
"","All other countries",2012,206
"","All other countries",2013,183
"","All other countries",2014,147
"","All other countries",2015,139
"","Unknown",2006,128
"","Unknown",2007,137
"","Unknown",2008,158
"","Unknown",2009,219
"","Unknown",2010,145
"","Unknown",2011,162
"","Unknown",2012,149
"","Unknown",2013,95
"","Unknown",2014,75
"","Unknown",2015,95
"AFG","Afghanistan",2006,34
"AFG","Afghanistan",2007,65
"AFG","Afghanistan",2008,73
"AFG","Afghanistan",2009,87
"AFG","Afghanistan",2010,118
"AFG","Afghanistan",2011,137
"AFG","Afghanistan",2012,191
"AFG","Afghanistan",2013,112
"AFG","Afghanistan",2014,123
"AFG","Afghanistan",2015,169
"AGO","Angola",2006,19
"AGO","Angola",2007,12
"AGO","Angola",2008,12
"AGO","Angola",2009,6
"AGO","Angola",2010,0
"AGO","Angola",2011,15
"AGO","Angola",2012,9
"AGO","Angola",2013,8
"AGO","Angola",2014,8
"AGO","Angola",2015,35
"ALB","Albania",2006,541
"ALB","Albania",2007,454
"ALB","Albania",2008,356
"ALB","Albania",2009,246
"ALB","Albania",2010,130
"ALB","Albania",2011,119
"ALB","Albania",2012,93
"ALB","Albania",2013,85
"ALB","Albania",2014,97
"ALB","Albania",2015,97
"ARE","United Arab Emirates",2006,0
"ARE","United Arab Emirates",2007,0
"ARE","United Arab Emirates",2008,0
"ARE","United Arab Emirates",2009,3
"ARE","United Arab Emirates",2010,0
"ARE","United Arab Emirates",2011,0
"ARE","United Arab Emirates",2012,3
"ARE","United Arab Emirates",2013,9
"ARE","United Arab Emirates",2014,10
"ARE","United Arab Emirates",2015,15
"ARM","Argentina",2006,9
"ARM","Argentina",2007,15
"ARM","Argentina",2008,14
"ARM","Argentina",2009,10
"ARM","Argentina",2010,8
"ARM","Argentina",2011,0
"ARM","Argentina",2012,5
"ARM","Argentina",2013,0
"ARM","Argentina",2014,0
"ARM","Argentina",2015,0
"ARM","Armenia",2006,155
"ARM","Armenia",2007,205
"ARM","Armenia",2008,105
"ARM","Armenia",2009,88
"ARM","Armenia",2010,86
"ARM","Armenia",2011,48
"ARM","Armenia",2012,36
"ARM","Armenia",2013,77
"ARM","Armenia",2014,88
"ARM","Armenia",2015,46
"AZE","Armenia",2006,289
"AZE","Armenia",2007,179
"AZE","Armenia",2008,149
"AZE","Armenia",2009,202
"AZE","Armenia",2010,168
"AZE","Armenia",2011,114
"AZE","Armenia",2012,74
"AZE","Armenia",2013,54
"AZE","Armenia",2014,48
"AZE","Armenia",2015,20
"AZE","Azerbaijan",2006,28
"AZE","Azerbaijan",2007,16
"AZE","Azerbaijan",2008,10
"AZE","Azerbaijan",2009,23
"AZE","Azerbaijan",2010,21
"AZE","Azerbaijan",2011,18
"AZE","Azerbaijan",2012,28
"AZE","Azerbaijan",2013,23
"AZE","Azerbaijan",2014,15
"AZE","Azerbaijan",2015,15
"BDI","Burundi",2006,42
"BDI","Burundi",2007,40
"BDI","Burundi",2008,40
"BDI","Burundi",2009,36
"BDI","Burundi",2010,25
"BDI","Burundi",2011,28
"BDI","Burundi",2012,30
"BDI","Burundi",2013,38
"BDI","Burundi",2014,101
"BDI","Burundi",2015,93
"BEN","Benin",2006,0
"BEN","Benin",2007,0
"BEN","Benin",2008,0
"BEN","Benin",2009,4
"BEN","Benin",2010,0
"BEN","Benin",2011,0
"BEN","Benin",2012,5
"BEN","Benin",2013,8
"BEN","Benin",2014,4
"BEN","Benin",2015,10
"BFA","Burkina Faso",2006,26
"BFA","Burkina Faso",2007,51
"BFA","Burkina Faso",2008,41
"BFA","Burkina Faso",2009,60
"BFA","Burkina Faso",2010,89
"BFA","Burkina Faso",2011,89
"BFA","Burkina Faso",2012,110
"BFA","Burkina Faso",2013,124
"BFA","Burkina Faso",2014,125
"BFA","Burkina Faso",2015,94
"BGD","Bangladesh",2006,149
"BGD","Bangladesh",2007,129
"BGD","Bangladesh",2008,113
"BGD","Bangladesh",2009,96
"BGD","Bangladesh",2010,70
"BGD","Bangladesh",2011,69
"BGD","Bangladesh",2012,90
"BGD","Bangladesh",2013,104
"BGD","Bangladesh",2014,192
"BGD","Bangladesh",2015,222
"BGR","Bulgaria",2006,106
"BGR","Bulgaria",2007,104
"BGR","Bulgaria",2008,96
"BGR","Bulgaria",2009,66
"BGR","Bulgaria",2010,28
"BGR","Bulgaria",2011,32
"BGR","Bulgaria",2012,35
"BGR","Bulgaria",2013,19
"BGR","Bulgaria",2014,29
"BGR","Bulgaria",2015,12
"BHR","Azerbaijan",2006,27
"BHR","Azerbaijan",2007,23
"BHR","Azerbaijan",2008,12
"BHR","Azerbaijan",2009,14
"BHR","Azerbaijan",2010,9
"BHR","Azerbaijan",2011,11
"BHR","Azerbaijan",2012,16
"BHR","Azerbaijan",2013,5
"BHR","Azerbaijan",2014,10
"BHR","Azerbaijan",2015,11
"BHR","Bahrain",2006,0
"BHR","Bahrain",2007,0
"BHR","Bahrain",2008,0
"BHR","Bahrain",2009,0
"BHR","Bahrain",2010,0
"BHR","Bahrain",2011,4
"BHR","Bahrain",2012,22
"BHR","Bahrain",2013,4
"BHR","Bahrain",2014,3
"BHR","Bahrain",2015,0
"BIH","Bosnia-Herzegovina",2006,24
"BIH","Bosnia-Herzegovina",2007,32
"BIH","Bosnia-Herzegovina",2008,15
"BIH","Bosnia-Herzegovina",2009,22
"BIH","Bosnia-Herzegovina",2010,7
"BIH","Bosnia-Herzegovina",2011,9
"BIH","Bosnia-Herzegovina",2012,8
"BIH","Bosnia-Herzegovina",2013,5
"BIH","Bosnia-Herzegovina",2014,7
"BIH","Bosnia-Herzegovina",2015,6
"BLR","Belarus",2006,206
"BLR","Belarus",2007,161
"BLR","Belarus",2008,158
"BLR","Belarus",2009,186
"BLR","Belarus",2010,120
"BLR","Belarus",2011,183
"BLR","Belarus",2012,262
"BLR","Belarus",2013,168
"BLR","Belarus",2014,95
"BLR","Belarus",2015,103
"BOL","Bolivia",2006,0
"BOL","Bolivia",2007,3
"BOL","Bolivia",2008,8
"BOL","Bolivia",2009,10
"BOL","Bolivia",2010,15
"BOL","Bolivia",2011,19
"BOL","Bolivia",2012,21
"BOL","Bolivia",2013,8
"BOL","Bolivia",2014,0
"BOL","Bolivia",2015,3
"BRA","Brazil",2006,69
"BRA","Brazil",2007,76
"BRA","Brazil",2008,69
"BRA","Brazil",2009,73
"BRA","Brazil",2010,59
"BRA","Brazil",2011,56
"BRA","Brazil",2012,59
"BRA","Brazil",2013,41
"BRA","Brazil",2014,30
"BRA","Brazil",2015,37
"BTN","Bhutan",2006,8
"BTN","Bhutan",2007,13
"BTN","Bhutan",2008,5
"BTN","Bhutan",2009,8
"BTN","Bhutan",2010,0
"BTN","Bhutan",2011,0
"BTN","Bhutan",2012,0
"BTN","Bhutan",2013,0
"BTN","Bhutan",2014,0
"BTN","Bhutan",2015,4
"CAF","Central African Republic",2006,15
"CAF","Central African Republic",2007,19
"CAF","Central African Republic",2008,26
"CAF","Central African Republic",2009,31
"CAF","Central African Republic",2010,18
"CAF","Central African Republic",2011,6
"CAF","Central African Republic",2012,12
"CAF","Central African Republic",2013,17
"CAF","Central African Republic",2014,15
"CAF","Central African Republic",2015,14
"CAN","Canada",2006,9
"CAN","Canada",2007,9
"CAN","Canada",2008,0
"CAN","Canada",2009,11
"CAN","Canada",2010,5
"CAN","Canada",2011,9
"CAN","Canada",2012,5
"CAN","Canada",2013,0
"CAN","Canada",2014,4
"CAN","Canada",2015,0
"CHN","China, People's Republic",2006,5598
"CHN","China, People's Republic",2007,6384
"CHN","China, People's Republic",2008,5498
"CHN","China, People's Republic",2009,6166
"CHN","China, People's Republic",2010,6318
"CHN","China, People's Republic",2011,8188
"CHN","China, People's Republic",2012,9767
"CHN","China, People's Republic",2013,8585
"CHN","China, People's Republic",2014,7884
"CHN","China, People's Republic",2015,6192
"CIV","Cote d'Ivoire",2006,233
"CIV","Cote d'Ivoire",2007,191
"CIV","Cote d'Ivoire",2008,135
"CIV","Cote d'Ivoire",2009,134
"CIV","Cote d'Ivoire",2010,91
"CIV","Cote d'Ivoire",2011,166
"CIV","Cote d'Ivoire",2012,168
"CIV","Cote d'Ivoire",2013,113
"CIV","Cote d'Ivoire",2014,72
"CIV","Cote d'Ivoire",2015,75
"CMR","Cameroon",2006,603
"CMR","Cameroon",2007,515
"CMR","Cameroon",2008,455
"CMR","Cameroon",2009,448
"CMR","Cameroon",2010,348
"CMR","Cameroon",2011,393
"CMR","Cameroon",2012,409
"CMR","Cameroon",2013,292
"CMR","Cameroon",2014,224
"CMR","Cameroon",2015,183
"COG","Congo, Democratic Republic",2006,78
"COG","Congo, Democratic Republic",2007,68
"COG","Congo, Democratic Republic",2008,66
"COG","Congo, Democratic Republic",2009,49
"COG","Congo, Democratic Republic",2010,44
"COG","Congo, Democratic Republic",2011,64
"COG","Congo, Democratic Republic",2012,80
"COG","Congo, Democratic Republic",2013,69
"COG","Congo, Democratic Republic",2014,67
"COG","Congo, Democratic Republic",2015,84
"COG","Congo, Republic",2006,149
"COG","Congo, Republic",2007,146
"COG","Congo, Republic",2008,123
"COG","Congo, Republic",2009,92
"COG","Congo, Republic",2010,119
"COG","Congo, Republic",2011,137
"COG","Congo, Republic",2012,126
"COG","Congo, Republic",2013,119
"COG","Congo, Republic",2014,76
"COG","Congo, Republic",2015,75
"COL","Colombia",2006,2961
"COL","Colombia",2007,2175
"COL","Colombia",2008,1663
"COL","Colombia",2009,1006
"COL","Colombia",2010,546
"COL","Colombia",2011,500
"COL","Colombia",2012,433
"COL","Colombia",2013,249
"COL","Colombia",2014,310
"COL","Colombia",2015,305
"CUB","Cuba",2006,76
"CUB","Cuba",2007,69
"CUB","Cuba",2008,87
"CUB","Cuba",2009,42
"CUB","Cuba",2010,32
"CUB","Cuba",2011,33
"CUB","Cuba",2012,29
"CUB","Cuba",2013,31
"CUB","Cuba",2014,21
"CUB","Cuba",2015,17
"DJI","Djibouti",2006,6
"DJI","Djibouti",2007,0
"DJI","Djibouti",2008,0
"DJI","Djibouti",2009,12
"DJI","Djibouti",2010,16
"DJI","Djibouti",2011,50
"DJI","Djibouti",2012,20
"DJI","Djibouti",2013,21
"DJI","Djibouti",2014,13
"DJI","Djibouti",2015,58
"DOM","Dominican Republic",2006,3
"DOM","Dominican Republic",2007,8
"DOM","Dominican Republic",2008,0
"DOM","Dominican Republic",2009,0
"DOM","Dominican Republic",2010,9
"DOM","Dominican Republic",2011,11
"DOM","Dominican Republic",2012,20
"DOM","Dominican Republic",2013,8
"DOM","Dominican Republic",2014,15
"DOM","Dominican Republic",2015,13
"DZA","Algeria",2006,18
"DZA","Algeria",2007,6
"DZA","Algeria",2008,13
"DZA","Algeria",2009,11
"DZA","Algeria",2010,9
"DZA","Algeria",2011,12
"DZA","Algeria",2012,18
"DZA","Algeria",2013,3
"DZA","Algeria",2014,8
"DZA","Algeria",2015,6
"ECU","Ecuador",2006,21
"ECU","Ecuador",2007,24
"ECU","Ecuador",2008,24
"ECU","Ecuador",2009,14
"ECU","Ecuador",2010,16
"ECU","Ecuador",2011,23
"ECU","Ecuador",2012,33
"ECU","Ecuador",2013,39
"ECU","Ecuador",2014,33
"ECU","Ecuador",2015,181
"EGY","Egypt",2006,415
"EGY","Egypt",2007,427
"EGY","Egypt",2008,419
"EGY","Egypt",2009,482
"EGY","Egypt",2010,511
"EGY","Egypt",2011,1003
"EGY","Egypt",2012,2854
"EGY","Egypt",2013,3376
"EGY","Egypt",2014,2842
"EGY","Egypt",2015,1666
"ERI","Eritrea",2006,208
"ERI","Eritrea",2007,272
"ERI","Eritrea",2008,302
"ERI","Eritrea",2009,435
"ERI","Eritrea",2010,354
"ERI","Eritrea",2011,619
"ERI","Eritrea",2012,450
"ERI","Eritrea",2013,326
"ERI","Eritrea",2014,314
"ERI","Eritrea",2015,385
"EST","Estonia",2006,0
"EST","Estonia",2007,13
"EST","Estonia",2008,0
"EST","Estonia",2009,8
"EST","Estonia",2010,0
"EST","Estonia",2011,0
"EST","Estonia",2012,0
"EST","Estonia",2013,0
"EST","Estonia",2014,0
"EST","Estonia",2015,0
"ETH","Ethiopia",2006,789
"ETH","Ethiopia",2007,867
"ETH","Ethiopia",2008,905
"ETH","Ethiopia",2009,1112
"ETH","Ethiopia",2010,1043
"ETH","Ethiopia",2011,1010
"ETH","Ethiopia",2012,1077
"ETH","Ethiopia",2013,890
"ETH","Ethiopia",2014,833
"ETH","Ethiopia",2015,879
"FJI","Fiji",2006,63
"FJI","Fiji",2007,51
"FJI","Fiji",2008,47
"FJI","Fiji",2009,46
"FJI","Fiji",2010,23
"FJI","Fiji",2011,35
"FJI","Fiji",2012,27
"FJI","Fiji",2013,10
"FJI","Fiji",2014,24
"FJI","Fiji",2015,4
"GEO","Georgia",2006,73
"GEO","Georgia",2007,40
"GEO","Georgia",2008,46
"GEO","Georgia",2009,45
"GEO","Georgia",2010,41
"GEO","Georgia",2011,33
"GEO","Georgia",2012,29
"GEO","Georgia",2013,22
"GEO","Georgia",2014,30
"GEO","Georgia",2015,29
"GHA","Ghana",2006,11
"GHA","Ghana",2007,18
"GHA","Ghana",2008,18
"GHA","Ghana",2009,16
"GHA","Ghana",2010,11
"GHA","Ghana",2011,14
"GHA","Ghana",2012,15
"GHA","Ghana",2013,18
"GHA","Ghana",2014,23
"GHA","Ghana",2015,41
"GIN","Guinea",2006,454
"GIN","Guinea",2007,452
"GIN","Guinea",2008,366
"GIN","Guinea",2009,316
"GIN","Guinea",2010,286
"GIN","Guinea",2011,221
"GIN","Guinea",2012,192
"GIN","Guinea",2013,129
"GIN","Guinea",2014,86
"GIN","Guinea",2015,103
"GMB","Gambia",2006,83
"GMB","Gambia",2007,103
"GMB","Gambia",2008,104
"GMB","Gambia",2009,99
"GMB","Gambia",2010,83
"GMB","Gambia",2011,110
"GMB","Gambia",2012,184
"GMB","Gambia",2013,133
"GMB","Gambia",2014,130
"GMB","Gambia",2015,136
"GRC","Greece",2006,0
"GRC","Greece",2007,12
"GRC","Greece",2008,0
"GRC","Greece",2009,0
"GRC","Greece",2010,0
"GRC","Greece",2011,0
"GRC","Greece",2012,0
"GRC","Greece",2013,0
"GRC","Greece",2014,8
"GRC","Greece",2015,0
"GTM","Guatemala",2006,635
"GTM","Guatemala",2007,675
"GTM","Guatemala",2008,547
"GTM","Guatemala",2009,506
"GTM","Guatemala",2010,421
"GTM","Guatemala",2011,433
"GTM","Guatemala",2012,505
"GTM","Guatemala",2013,384
"GTM","Guatemala",2014,486
"GTM","Guatemala",2015,2082
"GUY","Guyana",2006,16
"GUY","Guyana",2007,15
"GUY","Guyana",2008,3
"GUY","Guyana",2009,3
"GUY","Guyana",2010,5
"GUY","Guyana",2011,4
"GUY","Guyana",2012,10
"GUY","Guyana",2013,10
"GUY","Guyana",2014,10
"GUY","Guyana",2015,3
"HND","Honduras",2006,91
"HND","Honduras",2007,105
"HND","Honduras",2008,95
"HND","Honduras",2009,86
"HND","Honduras",2010,106
"HND","Honduras",2011,117
"HND","Honduras",2012,216
"HND","Honduras",2013,199
"HND","Honduras",2014,242
"HND","Honduras",2015,1416
"HTI","Haiti",2006,2992
"HTI","Haiti",2007,1651
"HTI","Haiti",2008,1260
"HTI","Haiti",2009,1006
"HTI","Haiti",2010,768
"HTI","Haiti",2011,863
"HTI","Haiti",2012,671
"HTI","Haiti",2013,497
"HTI","Haiti",2014,521
"HTI","Haiti",2015,417
"IDN","Indonesia",2006,747
"IDN","Indonesia",2007,779
"IDN","Indonesia",2008,579
"IDN","Indonesia",2009,337
"IDN","Indonesia",2010,164
"IDN","Indonesia",2011,182
"IDN","Indonesia",2012,186
"IDN","Indonesia",2013,122
"IDN","Indonesia",2014,71
"IDN","Indonesia",2015,35
"IND","India",2006,503
"IND","India",2007,434
"IND","India",2008,374
"IND","India",2009,411
"IND","India",2010,308
"IND","India",2011,309
"IND","India",2012,346
"IND","India",2013,416
"IND","India",2014,485
"IND","India",2015,493
"IRN","Iran",2006,256
"IRN","Iran",2007,279
"IRN","Iran",2008,400
"IRN","Iran",2009,349
"IRN","Iran",2010,460
"IRN","Iran",2011,454
"IRN","Iran",2012,695
"IRN","Iran",2013,675
"IRN","Iran",2014,631
"IRN","Iran",2015,674
"IRQ","Iraq",2006,372
"IRQ","Iraq",2007,668
"IRQ","Iraq",2008,996
"IRQ","Iraq",2009,909
"IRQ","Iraq",2010,391
"IRQ","Iraq",2011,361
"IRQ","Iraq",2012,410
"IRQ","Iraq",2013,466
"IRQ","Iraq",2014,617
"IRQ","Iraq",2015,766
"ISR","Israel",2006,29
"ISR","Israel",2007,28
"ISR","Israel",2008,27
"ISR","Israel",2009,34
"ISR","Israel",2010,15
"ISR","Israel",2011,17
"ISR","Israel",2012,10
"ISR","Israel",2013,4
"ISR","Israel",2014,4
"ISR","Israel",2015,0
"JAM","Jamaica",2006,7
"JAM","Jamaica",2007,16
"JAM","Jamaica",2008,19
"JAM","Jamaica",2009,44
"JAM","Jamaica",2010,54
"JAM","Jamaica",2011,55
"JAM","Jamaica",2012,59
"JAM","Jamaica",2013,42
"JAM","Jamaica",2014,38
"JAM","Jamaica",2015,49
"JOR","Jordan",2006,44
"JOR","Jordan",2007,41
"JOR","Jordan",2008,42
"JOR","Jordan",2009,39
"JOR","Jordan",2010,22
"JOR","Jordan",2011,11
"JOR","Jordan",2012,59
"JOR","Jordan",2013,39
"JOR","Jordan",2014,53
"JOR","Jordan",2015,48
"KAZ","Kazakhstan",2006,41
"KAZ","Kazakhstan",2007,54
"KAZ","Kazakhstan",2008,32
"KAZ","Kazakhstan",2009,46
"KAZ","Kazakhstan",2010,50
"KAZ","Kazakhstan",2011,67
"KAZ","Kazakhstan",2012,100
"KAZ","Kazakhstan",2013,90
"KAZ","Kazakhstan",2014,88
"KAZ","Kazakhstan",2015,88
"KEN","Kenya",2006,145
"KEN","Kenya",2007,235
"KEN","Kenya",2008,277
"KEN","Kenya",2009,332
"KEN","Kenya",2010,254
"KEN","Kenya",2011,188
"KEN","Kenya",2012,199
"KEN","Kenya",2013,130
"KEN","Kenya",2014,112
"KEN","Kenya",2015,76
"KGZ","Kyrgyzstan",2006,29
"KGZ","Kyrgyzstan",2007,29
"KGZ","Kyrgyzstan",2008,32
"KGZ","Kyrgyzstan",2009,38
"KGZ","Kyrgyzstan",2010,58
"KGZ","Kyrgyzstan",2011,161
"KGZ","Kyrgyzstan",2012,152
"KGZ","Kyrgyzstan",2013,114
"KGZ","Kyrgyzstan",2014,129
"KGZ","Kyrgyzstan",2015,147
"KHM","Cambodia",2006,35
"KHM","Cambodia",2007,24
"KHM","Cambodia",2008,17
"KHM","Cambodia",2009,17
"KHM","Cambodia",2010,17
"KHM","Cambodia",2011,9
"KHM","Cambodia",2012,7
"KHM","Cambodia",2013,7
"KHM","Cambodia",2014,9
"KHM","Cambodia",2015,0
"KSV","Kosovo",2006,0
"KSV","Kosovo",2007,0
"KSV","Kosovo",2008,0
"KSV","Kosovo",2009,12
"KSV","Kosovo",2010,28
"KSV","Kosovo",2011,31
"KSV","Kosovo",2012,54
"KSV","Kosovo",2013,50
"KSV","Kosovo",2014,55
"KSV","Kosovo",2015,69
"KWT","Kuwait",2006,0
"KWT","Kuwait",2007,0
"KWT","Kuwait",2008,0
"KWT","Kuwait",2009,3
"KWT","Kuwait",2010,0
"KWT","Kuwait",2011,3
"KWT","Kuwait",2012,6
"KWT","Kuwait",2013,8
"KWT","Kuwait",2014,6
"KWT","Kuwait",2015,14
"LAO","Laos",2006,24
"LAO","Laos",2007,40
"LAO","Laos",2008,19
"LAO","Laos",2009,26
"LAO","Laos",2010,24
"LAO","Laos",2011,4
"LAO","Laos",2012,3
"LAO","Laos",2013,0
"LAO","Laos",2014,4
"LAO","Laos",2015,0
"LBN","Lebanon",2006,36
"LBN","Lebanon",2007,79
"LBN","Lebanon",2008,64
"LBN","Lebanon",2009,46
"LBN","Lebanon",2010,44
"LBN","Lebanon",2011,33
"LBN","Lebanon",2012,39
"LBN","Lebanon",2013,30
"LBN","Lebanon",2014,25
"LBN","Lebanon",2015,29
"LBR","Liberia",2006,134
"LBR","Liberia",2007,116
"LBR","Liberia",2008,96
"LBR","Liberia",2009,79
"LBR","Liberia",2010,56
"LBR","Liberia",2011,39
"LBR","Liberia",2012,30
"LBR","Liberia",2013,62
"LBR","Liberia",2014,40
"LBR","Liberia",2015,42
"LBY","Libya",2006,3
"LBY","Libya",2007,0
"LBY","Libya",2008,3
"LBY","Libya",2009,0
"LBY","Libya",2010,11
"LBY","Libya",2011,66
"LBY","Libya",2012,43
"LBY","Libya",2013,30
"LBY","Libya",2014,19
"LBY","Libya",2015,47
"LKA","Sri Lanka",2006,101
"LKA","Sri Lanka",2007,124
"LKA","Sri Lanka",2008,126
"LKA","Sri Lanka",2009,239
"LKA","Sri Lanka",2010,197
"LKA","Sri Lanka",2011,150
"LKA","Sri Lanka",2012,135
"LKA","Sri Lanka",2013,130
"LKA","Sri Lanka",2014,105
"LKA","Sri Lanka",2015,77
"LTU","Lithuania",2006,18
"LTU","Lithuania",2007,4
"LTU","Lithuania",2008,0
"LTU","Lithuania",2009,0
"LTU","Lithuania",2010,0
"LTU","Lithuania",2011,4
"LTU","Lithuania",2012,0
"LTU","Lithuania",2013,0
"LTU","Lithuania",2014,0
"LTU","Lithuania",2015,0
"LVA","Latvia",2006,12
"LVA","Latvia",2007,6
"LVA","Latvia",2008,0
"LVA","Latvia",2009,0
"LVA","Latvia",2010,0
"LVA","Latvia",2011,6
"LVA","Latvia",2012,0
"LVA","Latvia",2013,6
"LVA","Latvia",2014,0
"LVA","Latvia",2015,0
"MAR","Morocco",2006,11
"MAR","Morocco",2007,7
"MAR","Morocco",2008,23
"MAR","Morocco",2009,8
"MAR","Morocco",2010,0
"MAR","Morocco",2011,12
"MAR","Morocco",2012,19
"MAR","Morocco",2013,8
"MAR","Morocco",2014,11
"MAR","Morocco",2015,18
"MDA","Moldova",2006,12
"MDA","Moldova",2007,42
"MDA","Moldova",2008,65
"MDA","Moldova",2009,136
"MDA","Moldova",2010,122
"MDA","Moldova",2011,200
"MDA","Moldova",2012,256
"MDA","Moldova",2013,165
"MDA","Moldova",2014,117
"MDA","Moldova",2015,105
"MDG","Madagascar",2006,0
"MDG","Madagascar",2007,0
"MDG","Madagascar",2008,0
"MDG","Madagascar",2009,0
"MDG","Madagascar",2010,11
"MDG","Madagascar",2011,5
"MDG","Madagascar",2012,5
"MDG","Madagascar",2013,0
"MDG","Madagascar",2014,0
"MDG","Madagascar",2015,0
"MEX","Mexico",2006,133
"MEX","Mexico",2007,152
"MEX","Mexico",2008,250
"MEX","Mexico",2009,255
"MEX","Mexico",2010,170
"MEX","Mexico",2011,264
"MEX","Mexico",2012,416
"MEX","Mexico",2013,357
"MEX","Mexico",2014,592
"MEX","Mexico",2015,870
"MKD","Macedonia",2006,28
"MKD","Macedonia",2007,27
"MKD","Macedonia",2008,14
"MKD","Macedonia",2009,19
"MKD","Macedonia",2010,12
"MKD","Macedonia",2011,10
"MKD","Macedonia",2012,0
"MKD","Macedonia",2013,16
"MKD","Macedonia",2014,15
"MKD","Macedonia",2015,4
"MLI","Mali",2006,90
"MLI","Mali",2007,111
"MLI","Mali",2008,63
"MLI","Mali",2009,125
"MLI","Mali",2010,144
"MLI","Mali",2011,131
"MLI","Mali",2012,127
"MLI","Mali",2013,137
"MLI","Mali",2014,97
"MLI","Mali",2015,102
"MMR","Burma",2006,251
"MMR","Burma",2007,260
"MMR","Burma",2008,279
"MMR","Burma",2009,276
"MMR","Burma",2010,230
"MMR","Burma",2011,204
"MMR","Burma",2012,162
"MMR","Burma",2013,88
"MMR","Burma",2014,64
"MMR","Burma",2015,63
"MNG","Mongolia",2006,95
"MNG","Mongolia",2007,154
"MNG","Mongolia",2008,119
"MNG","Mongolia",2009,79
"MNG","Mongolia",2010,154
"MNG","Mongolia",2011,144
"MNG","Mongolia",2012,115
"MNG","Mongolia",2013,77
"MNG","Mongolia",2014,52
"MNG","Mongolia",2015,49
"MRT","Mauritania",2006,236
"MRT","Mauritania",2007,186
"MRT","Mauritania",2008,99
"MRT","Mauritania",2009,112
"MRT","Mauritania",2010,74
"MRT","Mauritania",2011,71
"MRT","Mauritania",2012,54
"MRT","Mauritania",2013,67
"MRT","Mauritania",2014,66
"MRT","Mauritania",2015,69
"MYS","Malaysia",2006,4
"MYS","Malaysia",2007,5
"MYS","Malaysia",2008,7
"MYS","Malaysia",2009,6
"MYS","Malaysia",2010,0
"MYS","Malaysia",2011,10
"MYS","Malaysia",2012,7
"MYS","Malaysia",2013,8
"MYS","Malaysia",2014,8
"MYS","Malaysia",2015,3
"NER","Niger",2006,18
"NER","Niger",2007,14
"NER","Niger",2008,18
"NER","Niger",2009,18
"NER","Niger",2010,12
"NER","Niger",2011,5
"NER","Niger",2012,11
"NER","Niger",2013,10
"NER","Niger",2014,10
"NER","Niger",2015,10
"NGA","Nigeria",2006,54
"NGA","Nigeria",2007,67
"NGA","Nigeria",2008,66
"NGA","Nigeria",2009,67
"NGA","Nigeria",2010,60
"NGA","Nigeria",2011,52
"NGA","Nigeria",2012,92
"NGA","Nigeria",2013,93
"NGA","Nigeria",2014,108
"NGA","Nigeria",2015,161
"NIC","Nicaragua",2006,35
"NIC","Nicaragua",2007,43
"NIC","Nicaragua",2008,51
"NIC","Nicaragua",2009,39
"NIC","Nicaragua",2010,32
"NIC","Nicaragua",2011,31
"NIC","Nicaragua",2012,31
"NIC","Nicaragua",2013,24
"NIC","Nicaragua",2014,27
"NIC","Nicaragua",2015,50
"NIU","Niue",2006,0
"NIU","Niue",2007,0
"NIU","Niue",2008,11
"NIU","Niue",2009,0
"NIU","Niue",2010,0
"NIU","Niue",2011,5
"NIU","Niue",2012,7
"NIU","Niue",2013,5
"NIU","Niue",2014,0
"NIU","Niue",2015,5
"NPL","Nepal",2006,376
"NPL","Nepal",2007,413
"NPL","Nepal",2008,500
"NPL","Nepal",2009,665
"NPL","Nepal",2010,624
"NPL","Nepal",2011,727
"NPL","Nepal",2012,950
"NPL","Nepal",2013,853
"NPL","Nepal",2014,554
"NPL","Nepal",2015,617
"PAK","Pakistan",2006,271
"PAK","Pakistan",2007,273
"PAK","Pakistan",2008,304
"PAK","Pakistan",2009,301
"PAK","Pakistan",2010,296
"PAK","Pakistan",2011,371
"PAK","Pakistan",2012,390
"PAK","Pakistan",2013,390
"PAK","Pakistan",2014,366
"PAK","Pakistan",2015,329
"PER","Peru",2006,147
"PER","Peru",2007,98
"PER","Peru",2008,95
"PER","Peru",2009,57
"PER","Peru",2010,44
"PER","Peru",2011,53
"PER","Peru",2012,41
"PER","Peru",2013,21
"PER","Peru",2014,28
"PER","Peru",2015,38
"PHL","Philippines",2006,25
"PHL","Philippines",2007,29
"PHL","Philippines",2008,31
"PHL","Philippines",2009,29
"PHL","Philippines",2010,17
"PHL","Philippines",2011,8
"PHL","Philippines",2012,22
"PHL","Philippines",2013,14
"PHL","Philippines",2014,4
"PHL","Philippines",2015,3
"ROU","Romania",2006,59
"ROU","Romania",2007,57
"ROU","Romania",2008,66
"ROU","Romania",2009,37
"ROU","Romania",2010,19
"ROU","Romania",2011,23
"ROU","Romania",2012,15
"ROU","Romania",2013,44
"ROU","Romania",2014,30
"ROU","Romania",2015,26
"RUS","Russia",2006,434
"RUS","Russia",2007,493
"RUS","Russia",2008,573
"RUS","Russia",2009,494
"RUS","Russia",2010,525
"RUS","Russia",2011,634
"RUS","Russia",2012,692
"RUS","Russia",2013,532
"RUS","Russia",2014,334
"RUS","Russia",2015,400
"RWA","Rwanda",2006,89
"RWA","Rwanda",2007,93
"RWA","Rwanda",2008,96
"RWA","Rwanda",2009,83
"RWA","Rwanda",2010,117
"RWA","Rwanda",2011,83
"RWA","Rwanda",2012,105
"RWA","Rwanda",2013,84
"RWA","Rwanda",2014,99
"RWA","Rwanda",2015,83
"SAU","Saudi Arabia",2006,20
"SAU","Saudi Arabia",2007,5
"SAU","Saudi Arabia",2008,13
"SAU","Saudi Arabia",2009,7
"SAU","Saudi Arabia",2010,16
"SAU","Saudi Arabia",2011,10
"SAU","Saudi Arabia",2012,27
"SAU","Saudi Arabia",2013,46
"SAU","Saudi Arabia",2014,41
"SAU","Saudi Arabia",2015,43
"SDN","Sudan",2006,93
"SDN","Sudan",2007,104
"SDN","Sudan",2008,116
"SDN","Sudan",2009,113
"SDN","Sudan",2010,98
"SDN","Sudan",2011,128
"SDN","Sudan",2012,163
"SDN","Sudan",2013,118
"SDN","Sudan",2014,72
"SDN","Sudan",2015,119
"SEN","Senegal",2006,22
"SEN","Senegal",2007,41
"SEN","Senegal",2008,28
"SEN","Senegal",2009,48
"SEN","Senegal",2010,23
"SEN","Senegal",2011,37
"SEN","Senegal",2012,44
"SEN","Senegal",2013,28
"SEN","Senegal",2014,27
"SEN","Senegal",2015,29
"SLE","Sierra Leone",2006,104
"SLE","Sierra Leone",2007,68
"SLE","Sierra Leone",2008,70
"SLE","Sierra Leone",2009,65
"SLE","Sierra Leone",2010,42
"SLE","Sierra Leone",2011,28
"SLE","Sierra Leone",2012,36
"SLE","Sierra Leone",2013,18
"SLE","Sierra Leone",2014,39
"SLE","Sierra Leone",2015,21
"SLV","El Salvador",2006,593
"SLV","El Salvador",2007,556
"SLV","El Salvador",2008,487
"SLV","El Salvador",2009,323
"SLV","El Salvador",2010,280
"SLV","El Salvador",2011,234
"SLV","El Salvador",2012,293
"SLV","El Salvador",2013,252
"SLV","El Salvador",2014,369
"SLV","El Salvador",2015,2173
"SOM","Somalia",2006,178
"SOM","Somalia",2007,186
"SOM","Somalia",2008,171
"SOM","Somalia",2009,263
"SOM","Somalia",2010,250
"SOM","Somalia",2011,218
"SOM","Somalia",2012,139
"SOM","Somalia",2013,118
"SOM","Somalia",2014,146
"SOM","Somalia",2015,178
"SRB","Serbia and Montenegro (former)",2006,210
"SRB","Serbia and Montenegro (former)",2007,217
"SRB","Serbia and Montenegro (former)",2008,204
"SRB","Serbia and Montenegro (former)",2009,185
"SRB","Serbia and Montenegro (former)",2010,116
"SRB","Serbia and Montenegro (former)",2011,86
"SRB","Serbia and Montenegro (former)",2012,90
"SRB","Serbia and Montenegro (former)",2013,73
"SRB","Serbia and Montenegro (former)",2014,64
"SRB","Serbia and Montenegro (former)",2015,34
"SYR","Syria",2006,32
"SYR","Syria",2007,31
"SYR","Syria",2008,34
"SYR","Syria",2009,26
"SYR","Syria",2010,23
"SYR","Syria",2011,52
"SYR","Syria",2012,356
"SYR","Syria",2013,798
"SYR","Syria",2014,914
"SYR","Syria",2015,974
"TCD","Chad",2006,35
"TCD","Chad",2007,52
"TCD","Chad",2008,59
"TCD","Chad",2009,77
"TCD","Chad",2010,42
"TCD","Chad",2011,29
"TCD","Chad",2012,33
"TCD","Chad",2013,9
"TCD","Chad",2014,17
"TCD","Chad",2015,13
"TGO","Togo",2006,236
"TGO","Togo",2007,144
"TGO","Togo",2008,102
"TGO","Togo",2009,74
"TGO","Togo",2010,46
"TGO","Togo",2011,46
"TGO","Togo",2012,36
"TGO","Togo",2013,38
"TGO","Togo",2014,31
"TGO","Togo",2015,24
"TJK","Tajikistan",2006,4
"TJK","Tajikistan",2007,8
"TJK","Tajikistan",2008,10
"TJK","Tajikistan",2009,21
"TJK","Tajikistan",2010,32
"TJK","Tajikistan",2011,46
"TJK","Tajikistan",2012,32
"TJK","Tajikistan",2013,38
"TJK","Tajikistan",2014,31
"TJK","Tajikistan",2015,23
"TKM","Turkmenistan",2006,49
"TKM","Turkmenistan",2007,27
"TKM","Turkmenistan",2008,28
"TKM","Turkmenistan",2009,21
"TKM","Turkmenistan",2010,17
"TKM","Turkmenistan",2011,24
"TKM","Turkmenistan",2012,17
"TKM","Turkmenistan",2013,6
"TKM","Turkmenistan",2014,5
"TKM","Turkmenistan",2015,14
"TUR","Turkey",2006,43
"TUR","Turkey",2007,39
"TUR","Turkey",2008,45
"TUR","Turkey",2009,43
"TUR","Turkey",2010,53
"TUR","Turkey",2011,42
"TUR","Turkey",2012,54
"TUR","Turkey",2013,29
"TUR","Turkey",2014,5
"TUR","Turkey",2015,30
"TZA","Tanzania",2006,21
"TZA","Tanzania",2007,22
"TZA","Tanzania",2008,13
"TZA","Tanzania",2009,12
"TZA","Tanzania",2010,7
"TZA","Tanzania",2011,17
"TZA","Tanzania",2012,18
"TZA","Tanzania",2013,5
"TZA","Tanzania",2014,10
"TZA","Tanzania",2015,3
"UDA","Uganda",2006,69
"UDA","Uganda",2007,128
"UDA","Uganda",2008,89
"UDA","Uganda",2009,84
"UDA","Uganda",2010,108
"UDA","Uganda",2011,111
"UDA","Uganda",2012,115
"UDA","Uganda",2013,79
"UDA","Uganda",2014,80
"UDA","Uganda",2015,87
"UKR","Ukraine",2006,86
"UKR","Ukraine",2007,104
"UKR","Ukraine",2008,124
"UKR","Ukraine",2009,99
"UKR","Ukraine",2010,126
"UKR","Ukraine",2011,178
"UKR","Ukraine",2012,199
"UKR","Ukraine",2013,163
"UKR","Ukraine",2014,142
"UKR","Ukraine",2015,184
"UZB","Uzbekistan",2006,183
"UZB","Uzbekistan",2007,183
"UZB","Uzbekistan",2008,172
"UZB","Uzbekistan",2009,165
"UZB","Uzbekistan",2010,127
"UZB","Uzbekistan",2011,173
"UZB","Uzbekistan",2012,120
"UZB","Uzbekistan",2013,117
"UZB","Uzbekistan",2014,98
"UZB","Uzbekistan",2015,89
"VEN","Venezuela",2006,1359
"VEN","Venezuela",2007,1151
"VEN","Venezuela",2008,1057
"VEN","Venezuela",2009,586
"VEN","Venezuela",2010,610
"VEN","Venezuela",2011,1057
"VEN","Venezuela",2012,1073
"VEN","Venezuela",2013,680
"VEN","Venezuela",2014,410
"VEN","Venezuela",2015,504
"VNM","Vietnam",2006,25
"VNM","Vietnam",2007,21
"VNM","Vietnam",2008,28
"VNM","Vietnam",2009,45
"VNM","Vietnam",2010,32
"VNM","Vietnam",2011,30
"VNM","Vietnam",2012,25
"VNM","Vietnam",2013,12
"VNM","Vietnam",2014,12
"VNM","Vietnam",2015,12
"YEM","Yemen",2006,17
"YEM","Yemen",2007,36
"YEM","Yemen",2008,26
"YEM","Yemen",2009,32
"YEM","Yemen",2010,51
"YEM","Yemen",2011,66
"YEM","Yemen",2012,47
"YEM","Yemen",2013,54
"YEM","Yemen",2014,45
"YEM","Yemen",2015,67
"ZAF","South Africa",2006,20
"ZAF","South Africa",2007,8
"ZAF","South Africa",2008,0
"ZAF","South Africa",2009,0
"ZAF","South Africa",2010,0
"ZAF","South Africa",2011,13
"ZAF","South Africa",2012,0
"ZAF","South Africa",2013,0
"ZAF","South Africa",2014,0
"ZAF","South Africa",2015,0
"ZW","Zimbabwe",2006,197
"ZW","Zimbabwe",2007,256
"ZW","Zimbabwe",2008,266
"ZW","Zimbabwe",2009,224
"ZW","Zimbabwe",2010,110
"ZW","Zimbabwe",2011,118
"ZW","Zimbabwe",2012,90
"ZW","Zimbabwe",2013,64
"ZW","Zimbabwe",2014,26
"ZW","Zimbabwe",2015,33
